id,customer_id,account_type,account_number,balance,open_date,status
A001,C001,current,IE29ZAVA93115212345678,2543.67,2024-01-20,active
A002,C001,savings,IE29ZAVA93115287654321,15000.00,2024-01-20,active
A003,C002,current,IE29ZAVA93115234567890,1250.00,2024-02-15,pending_kyc
A004,C005,current,IE29ZAVA93115245678901,4820.33,2024-01-10,active
A005,C005,savings,IE29ZAVA93115298765432,32500.00,2024-01-10,active
A006,C008,current,IE29ZAVA93115256789012,890.45,2023-11-20,active
A007,C009,current,IE29ZAVA93115267890123,12340.00,2023-10-05,active
A008,C009,business,IE29ZAVA93115209876543,45600.00,2023-10-05,active
A009,C004,current,IE29ZAVA93115278901234,0.00,2024-03-05,pending_kyc
A010,C007,current,IE29ZAVA93115289012345,0.00,2024-03-12,pending_kyc
