id,first_name,last_name,email,phone,address,date_of_birth,nationality
C001,John,Murphy,john.murphy@email.com,+353 87 123 4567,"45 Grafton Street, Dublin 2, D02 VF65",1985-03-15,Irish
C002,Sarah,O'Brien,sarah.obrien@email.com,+353 86 234 5678,"12 O'Connell Street, Cork, T12 AB12",1990-07-22,Irish
C003,Michael,Walsh,michael.walsh@email.com,+353 85 345 6789,"78 Shop Street, Galway, H91 XY45",1978-11-08,Irish
C004,Emma,Kelly,emma.kelly@email.com,+353 87 456 7890,"23 Main Street, Limerick, V94 CD78",1995-01-30,Irish
C005,Patrick,Ryan,patrick.ryan@email.com,+353 86 567 8901,"56 Henry Street, Dublin 1, D01 EF90",1982-09-14,Irish
C006,Aoife,Byrne,aoife.byrne@email.com,+353 85 678 9012,"34 Patrick Street, Waterford, X91 GH23",1988-05-20,Irish
C007,David,McCarthy,david.mccarthy@email.com,+353 87 789 0123,"89 Eyre Square, Galway, H91 IJ56",1992-12-03,Irish
C008,Ciara,O'Connor,ciara.oconnor@email.com,+353 86 890 1234,"67 South Mall, Cork, T12 KL89",1987-04-17,Irish
C009,Sean,Doyle,sean.doyle@email.com,+353 85 901 2345,"15 William Street, Limerick, V94 MN01",1975-08-25,Irish
C010,Niamh,Fitzgerald,niamh.fitzgerald@email.com,+353 87 012 3456,"42 Dame Street, Dublin 2, D02 OP34",1993-02-11,Irish
