id,customer_id,doc_type,status,file_path,upload_date,expiry_date
D001,C001,passport,verified,/docs/C001/passport.pdf,2024-01-15,2029-01-15
D002,C001,utility_bill,verified,/docs/C001/utility.pdf,2024-01-15,2024-04-15
D003,C001,driving_license,verified,/docs/C001/license.pdf,2024-01-16,2027-03-15
D004,C002,passport,verified,/docs/C002/passport.pdf,2024-02-10,2028-07-22
D005,C002,utility_bill,pending,/docs/C002/utility.pdf,2024-02-11,2024-05-11
D006,C003,passport,expired,/docs/C003/passport.pdf,2022-05-20,2024-11-08
D007,C003,driving_license,verified,/docs/C003/license.pdf,2023-06-15,2028-11-08
D008,C004,passport,pending,/docs/C004/passport.pdf,2024-03-01,2034-01-30
D009,C004,utility_bill,pending,/docs/C004/utility.pdf,2024-03-01,2024-06-01
D010,C005,passport,verified,/docs/C005/passport.pdf,2023-12-01,2028-09-14
D011,C005,utility_bill,verified,/docs/C005/utility.pdf,2024-01-05,2024-04-05
D012,C006,passport,rejected,/docs/C006/passport.pdf,2024-02-20,2029-05-20
D013,C007,passport,pending,/docs/C007/passport.pdf,2024-03-10,2032-12-03
D014,C007,utility_bill,pending,/docs/C007/utility.pdf,2024-03-10,2024-06-10
D015,C008,passport,verified,/docs/C008/passport.pdf,2023-11-15,2028-04-17
D016,C008,driving_license,verified,/docs/C008/license.pdf,2023-11-15,2028-04-17
D017,C009,passport,verified,/docs/C009/passport.pdf,2023-10-01,2027-08-25
D018,C010,passport,pending,/docs/C010/passport.pdf,2024-03-15,2033-02-11
