id,name,country,category,risk_level,source
PEP001,John Smith,United States,Government Official,high,OFAC
PEP002,Maria Garcia,Spain,Political Party Leader,medium,EU Sanctions List
PEP003,Ahmed Hassan,Egypt,Central Bank Governor,high,World Bank
PEP004,Yuki Tanaka,Japan,Minister of Finance,high,FATF
PEP005,Boris Petrov,Russia,State Enterprise Director,critical,OFAC
PEP006,Chen Wei,China,Provincial Governor,medium,EU Sanctions List
PEP007,Olga Ivanova,Russia,Banking Regulator,high,OFAC
PEP008,Pierre Dubois,France,Ambassador,medium,EU Sanctions List
PEP009,Klaus Mueller,Germany,Prosecutor General,medium,Interpol
PEP010,Fatima Al-Rashid,UAE,Royal Family Member,high,FATF
