id,customer_id,action,status,reviewer_id,timestamp,notes
V001,C001,initial_review,approved,EMP001,2024-01-16T10:30:00,All documents verified successfully
V002,C002,initial_review,pending,EMP002,2024-02-12T14:15:00,Awaiting utility bill verification
V003,C003,document_expiry,pending_documents,EMP001,2024-02-01T09:00:00,Passport expired - requested new document
V004,C004,initial_review,pending,EMP003,2024-03-02T11:45:00,New application - documents under review
V005,C005,initial_review,approved,EMP002,2024-01-06T16:20:00,KYC complete - account activated
V006,C006,document_review,rejected,EMP001,2024-02-21T13:30:00,Passport image unclear - requested resubmission
V007,C006,resubmission,pending,EMP001,2024-02-25T10:00:00,New passport submitted - pending review
V008,C007,initial_review,pending,EMP003,2024-03-11T09:30:00,New application submitted
V009,C008,initial_review,approved,EMP002,2023-11-16T14:00:00,All documents verified
V010,C009,initial_review,approved,EMP001,2023-10-02T11:00:00,Long-standing customer - KYC renewed
V011,C010,initial_review,pending,EMP002,2024-03-16T10:15:00,New application - awaiting review
